分类,标题,点击数,链接
全站,沙宝亮出轨?与戴笑盈牵手回酒店 女方团队:不知情,227749,https://ent.163.com/20/0810/14/FJM3MQOL00038FO9.html
全站,北京25万/平复式豪宅 家里限量版椅子价值100,213839,https://home.163.com/20/0804/07/FJ5TC798001081EI.html
全站,恭喜！ 陈宝国闫妮获得白玉兰奖视帝后,202889,https://ent.163.com/20/0807/20/FJF3IUN000038FO9.html
全站,广州650平豪宅堪称国内最壕 朝江的客厅就长达2,186965,https://home.163.com/20/0806/07/FJB2NUPT001081EI.html
全站,50岁张嘉译又改名 新名字曝光被猜是为了健康,182740,https://ent.163.com/20/0807/07/FJDNJES200038FO9.html
全站,网曝潘玮柏老婆夜店视频 穿泳衣打碟和半裸男狂欢,181911,https://ent.163.com/20/0806/08/FJB8OP8800038FO9.html
全站,香港50岁夫妻每月赚9万 却乐意花90万元去装修,178707,https://home.163.com/20/0808/07/FJG6V1S000108GL2.html
全站,大妈花1万买下波音飞机 爆改成三室一厅乐坏孙子,169861,https://home.163.com/20/0809/07/FJIPJ6K100108GL2.html
全站,逆转14分！北京胜广东总分1-1 书豪25分尤度,160752,https://sports.163.com/20/0806/22/FJCM6P4V0005877V.html
全站,太甜蜜！汪峰携女探班章子怡 给她捏肩还带爱心餐,160647,https://ent.163.com/20/0806/08/FJB5G7EN00038FO9.html
全站,53岁周海媚独居北京别墅 爱犬拥豪华卧室按摩浴缸,859321,https://home.163.com/20/0720/07/FHVAANQU001081EI.html
全站,美准航母遭遇“几乎不能扑灭的大火”，或完全报废,565146,https://war.163.com/20/0714/10/FHG5ST3A000181KT.html
全站,美女探访尼泊尔2800万别墅 全屋木雕花7年才建,509541,https://home.163.com/20/0715/07/FHIDEEC1001081EI.html
全站,香港50岁夫妻花百万装修公屋 月入10万供楼很辛,394189,https://home.163.com/20/0801/07/FIU69OB9001081EI.html
全站,昆明2亿豪宅可赏滇池风光 3层花园大到会迷路,385632,https://home.163.com/20/0728/07/FIJSJ566001081EI.html
全站,杭州6000万元小独栋别墅 家里挂满了8位数的艺,381083,https://home.163.com/20/0720/07/FHVAAO6G001081EI.html
全站,北京1544平独栋别墅堪比法式宫殿 光大门就要3,377959,https://home.163.com/20/0729/07/FIMEVTEE001081EI.html
全站,章子怡2亿园林式豪宅意外曝光  院子大到能跑圈,341968,https://home.163.com/20/0721/07/FI1RQ5M5001081EI.html
全站,日本人将搬家细节做到极致 花5千你连手指都不用动,325478,https://home.163.com/20/0717/07/FHNIPHKD0010982E.html
全站,恭喜！潘玮柏晒全家照宣布结婚：我有了另一半,322432,https://ent.163.com/20/0727/16/FIIC9KUI00038FO9.html
新闻,张玉环回应申请国赔金额:1千万也换不回27年的年,80595,https://news.163.com/20/0809/23/FJKG71K60001875P.html
新闻,三年用户破亿遭封禁 TikTok冰火两重天的美国,72861,https://news.163.com/20/0810/03/FJKVNC4C0001899O.html
新闻,崔天凯：中美处于关键时刻 今日抉择将塑造世界未来,67739,https://news.163.com/20/0810/07/FJLDR4PJ0001899O.html
新闻,火书记受贿细节再曝光:退还1斤重黄金 留下18万,57932,https://news.163.com/20/0811/03/FJNJ64D40001899O.html
新闻,《华尔街日报》：中国成为美国企业的“避难所” ,55595,https://news.163.com/20/0809/22/FJKDPGVP000189FH.html
新闻,美记者进入武汉病毒所 所长驳斥:我们被当作替罪羊,47076,https://news.163.com/20/0811/09/FJO6681S0001899O.html
新闻,海口一轿车撞击高铁桥墩后剧烈燃烧 车内2人死亡,45942,https://news.163.com/20/0811/02/FJNEIG5100019B3E.html
新闻,美媒爆料：特朗普想把自己的雕像加到总统山上！,45591,https://news.163.com/20/0809/17/FJJS9DQB00018AOR.html
新闻,黎巴嫩总理宣布政府辞职：爆炸是地方腐败的结果,40841,https://news.163.com/20/0811/01/FJNA1STL00019B3E.html
新闻,大学生为发泄欲望 奸杀邻居3姐妹花 抛尸后正常上,37569,https://news.163.com/20/0810/07/FJLBVC8A0001899O.html
新闻,无罪者张玉环自曝曾遭6天6夜刑讯逼供：放狼狗咬我,112327,https://news.163.com/20/0806/09/FJBB4ORH0001875P.html
新闻,遭实名举报官员被查 被带走当晚班子成员吃饭庆祝,109540,https://news.163.com/20/0803/22/FJ4UIAA10001899N.html
新闻,广州海珠涌大桥下钉子户回应：安置房在太平间隔壁,97481,https://news.163.com/20/0806/10/FJBCHV1I0001899O.html
新闻,杭州杀妻分尸案嫌犯被批捕 部分作案细节首披露,96240,https://news.163.com/20/0806/11/FJBIUPNL0001899O.html
新闻,"华为年薪201万""天才少年""：希望能助华为渡过难",95721,https://news.163.com/20/0805/06/FJ8DB3CG00018AOR.html
新闻,"张玉环改判无罪后26年首次回家:下车连声问""妈妈",95427,https://news.163.com/20/0804/20/FJ7A6O010001899O.html
新闻,杀害女友男子父亲确系司法局处级干部 目前正常上班,94612,https://news.163.com/20/0806/11/FJBHIVRC0001899O.html
新闻,黎巴嫩首都发生巨大爆炸 致至少78死4000伤,90550,https://news.163.com/20/0805/02/FJ81NF9I0001899O.html
新闻,明抢！特朗普：TikTok9月15日前不卖给美企,88843,https://news.163.com/20/0804/06/FJ5QJE0100019B3E.html
新闻,在云南失联女生遇害 警方:其男友与2人合谋杀人埋,88461,https://news.163.com/20/0804/20/FJ7ARV640001899O.html
娱乐,沙宝亮出轨?与戴笑盈牵手回酒店 女方团队:不知情,232377,https://ent.163.com/20/0810/14/FJM3MQOL00038FO9.html
娱乐,赵丽颖扒拉菜被骂 黄晓明：盆里找肉是我们的乐趣,72666,https://ent.163.com/20/0810/07/FJLCRORM00038FO9.html
娱乐,"走出""摸臀门""！谢杏芳秀恩爱 称与林丹出门必亲吻",62132,https://ent.163.com/20/0811/08/FJO1KN8G00038FO9.html
娱乐,沙宝亮婚内出轨美女演员?经纪公司否认：剧组聚餐,58591,https://ent.163.com/20/0810/19/FJMN9QRD00038FO9.html
娱乐," ""佟言夫妇""合体！杨紫李现客串新剧 办婚礼超甜",50164,https://ent.163.com/20/0810/07/FJLERLHG00038FO9.html
娱乐,豪门聚会！陈凯歌长子任正非千金赌王幼女齐现身,42150,https://ent.163.com/20/0810/10/FJLOTI8H00038FO9.html
娱乐,新欢？曹云金深夜送美女回家 女方贴心帮整理衣领,33386,https://ent.163.com/20/0810/09/FJLK6MBR00038FO9.html
娱乐,凌晨4点离开她家 神秘闺密成罗霈颖猝逝关键人物,32667,https://ent.163.com/20/0810/08/FJLG9RH700038FO9.html
娱乐,新恋情？文章与美女约会 白天聊到黑夜酒吧续摊,30313,https://ent.163.com/20/0811/07/FJNVJV4K00038FO9.html
娱乐,豪门在望！阿Sa为富豪男友的妹妹庆生 融入其家庭,29533,https://ent.163.com/20/0810/10/FJLMUJI800038FO9.html
娱乐,沙宝亮出轨?与戴笑盈牵手回酒店 女方团队:不知情,232377,https://ent.163.com/20/0810/14/FJM3MQOL00038FO9.html
娱乐,网曝潘玮柏老婆夜店视频 穿泳衣打碟和半裸男狂欢,151515,https://ent.163.com/20/0806/08/FJB8OP8800038FO9.html
娱乐,50岁张嘉译又改名 新名字曝光被猜是为了健康,146285,https://ent.163.com/20/0807/07/FJDNJES200038FO9.html
娱乐,太甜蜜！汪峰携女探班章子怡 给她捏肩还带爱心餐,138173,https://ent.163.com/20/0806/08/FJB5G7EN00038FO9.html
娱乐,恭喜！ 陈宝国闫妮获得白玉兰奖视帝后,125450,https://ent.163.com/20/0807/20/FJF3IUN000038FO9.html
娱乐,赵丽颖扒拉菜被骂 黄晓明：盆里找肉是我们的乐趣,72666,https://ent.163.com/20/0810/07/FJLCRORM00038FO9.html
娱乐,张一山与神秘美女牵手回酒店 才被曝与宋妍霏同居,72487,https://ent.163.com/20/0805/10/FJ8SMOB200038FO9.html
娱乐,曾志伟太太去世 两人最后一次公开同框照曝光,68478,https://ent.163.com/20/0806/08/FJB5UOOM00038FO9.html
娱乐,风光不再 王珞丹凌晨求翻红:不想当好演员 只想红,65594,https://ent.163.com/20/0808/08/FJGAJDHF00038FO9.html
娱乐,张天爱喊话偷拍者：躲在车后面拍的素材够劲爆吗,64439,https://ent.163.com/20/0805/07/FJ8IUNOK00038FO9.html
体育,遗憾！丁俊晖10-13不敌奥沙利文 无缘世锦赛八,37927,https://sports.163.com/20/0810/06/FJLB1OUS00058782.html
体育,47岁男人的硬核人生：在机场练折返跑，婚礼当天去,33534,https://sports.163.com/20/0810/07/FJLDLC1R00059A7T.html
体育,利拉德51+7开拓者险胜76人 甜瓜20+7恩比,25614,https://sports.163.com/20/0810/09/FJLIVOCF0005877U.html
体育,皮耶罗点评梅西超级1V5:咋做到的?得打电话问问,25300,https://sports.163.com/20/0810/08/FJLFA7IO00058781.html
体育,GIF-乌龙!姜至鹏用胸把球弹进自家球门 表情崩,20372,https://sports.163.com/20/0810/21/FJMRQRHV00058780.html
体育,曝林书豪耳朵与听力并无大碍 但身上有多处淤青,19786,https://sports.163.com/20/0810/07/FJLDCTPE0005877V.html
体育,中超-郭田雨首球暴力鸟进球被吹 恒大0-1鲁能遭,19209,https://sports.163.com/20/0809/19/FJK5ES5N00058780.html
体育,刺激!鹈鹕国王正式无缘季后赛 西部将迎来附加赛,19117,https://sports.163.com/20/0810/09/FJLLNQQT0005877U.html
体育,巴特尔助上海获选秀状元签 广州天津分居二三位,16227,https://sports.163.com/20/0810/11/FJLQ47TD0005877V.html
体育,欧联杯-马夏尔造点B费点射 曼联加时赛1-0哥本,15976,https://sports.163.com/20/0811/05/FJNPENIK00058781.html
体育,逆转14分！北京胜广东总分1-1 书豪25分尤度,116578,https://sports.163.com/20/0806/22/FJCM6P4V0005877V.html
体育,19分逆转!广东加时1-0北京 威姆斯40+18,69507,https://sports.163.com/20/0804/22/FJ7JFVJU0005877V.html
体育,辽宁淘汰浙江进4强!将战新疆 郭少35分吴前空砍,56810,https://sports.163.com/20/0803/22/FJ51MCPK0005877V.html
体育,48分季后赛新高!手臂被抓出血痕 没他浙江早崩了,50682,https://sports.163.com/20/0803/23/FJ525F0O0005877V.html
体育,中超-韦世豪3场4球张琳M暴力鸟破门 恒大3-1,42529,https://sports.163.com/20/0804/19/FJ79JO5B00058780.html
体育,京媒:恭喜首钢完整走出球馆 这是彻头彻尾的丑闻,39459,https://sports.163.com/20/0805/07/FJ8HMFBB0005877V.html
体育,遗憾！丁俊晖10-13不敌奥沙利文 无缘世锦赛八,37927,https://sports.163.com/20/0810/06/FJLB1OUS00058782.html
体育,"曾繁日为""掏蛋""道歉：深刻反省 尊重联赛的判罚",36916,https://sports.163.com/20/0805/01/FJ7RI5P70005877V.html
体育,解立彬声音哽咽锤打桌面：本来第一场就属于我们,35029,https://sports.163.com/20/0806/23/FJCPHKCQ0005877V.html
体育,47岁男人的硬核人生：在机场练折返跑，婚礼当天去,33534,https://sports.163.com/20/0810/07/FJLDLC1R00059A7T.html
财经,金刻羽最新撰文：双循环经济的柔韧性和抗脆弱性,34408,https://money.163.com/20/0810/07/FJLE86D500258J1R.html
财经,魏尚进：“抖音之战”会让美国输掉国运！,26312,https://money.163.com/20/0811/08/FJO33LP300259BNT.html
财经,"暴跌99% 暂停上市之后 ""妖股之王""或被终止上",20513,https://money.163.com/20/0811/07/FJNVSGKL00259DLP.html
财经,48名主播被列入黑名单！封禁期限5年,18181,https://money.163.com/20/0810/07/FJLD6BP200258105.html
财经,美国客户爽约！翻倍牛股的70亿口罩订单彻底黄了,17313,https://money.163.com/20/0810/07/FJLCDI2L00259DLP.html
财经,赛麟造车大败局：烧了66亿元卖了31辆 董事长回,16591,https://money.163.com/20/0810/07/FJLDA3FE00259DLP.html
财经,美国客户不交首付 金发科技68亿订单“被放鸽子”,16463,https://money.163.com/20/0810/11/FJLSG0U400258105.html
财经,美国各种打压制裁没完没了！央视主播回应八个字,15028,https://money.163.com/20/0810/07/FJLDRII000259DLP.html
财经,建行一副行长行贿大学党委书记 “破格”录取女儿,13757,https://money.163.com/20/0811/10/FJO8C4N800258105.html
财经,绿茶餐厅给客人吃“口水菜”？监管部门介入调查,12681,https://money.163.com/20/0811/08/FJO2NMQ100258105.html
财经,行贿偷工：浙江一楼盘多个阳台被风吹飞,94239,https://money.163.com/20/0804/20/FJ7C0DJ500259GN5.html
财经,美元指数跌至近10年新低!外媒:对美国的警示来了,42285,https://money.163.com/20/0804/08/FJ62BTAD00259DLP.html
财经,"TikTok之后美国又对微信下手!史上还有更""脏",34703,https://money.163.com/20/0807/17/FJEORK0P00259C76.html
财经,金刻羽最新撰文：双循环经济的柔韧性和抗脆弱性,34408,https://money.163.com/20/0810/07/FJLE86D500258J1R.html
财经,TikTok遭殃后 Zoom决定停止向中国大陆用,30163,https://money.163.com/20/0804/08/FJ6118PO00258105.html
财经,"奥迪又翻车!广告涉嫌""性暗示""被狂喷 官方紧急道",28103,https://money.163.com/20/0807/07/FJDN7T6900259DLP.html
财经,"微信苹果二选一  iPhone 12忽传多条""示",27274,https://money.163.com/20/0809/08/FJIUFM9R00259DLP.html
财经,A股全面开花！股民嗨了：2015年的牛市已不值一,26880,https://money.163.com/20/0805/12/FJ933U4700259DLP.html
财经,魏尚进：“抖音之战”会让美国输掉国运！,26312,https://money.163.com/20/0811/08/FJO33LP300259BNT.html
财经,"华为最高档""天才少年""：刚出校门就拿年薪201万",25993,https://money.163.com/20/0804/09/FJ655J2O00259DLP.html
科技,郭明Z：若苹果全球封杀微信 iPhone年出货或,39339,https://tech.163.com/20/0810/07/FJLC449R00097U7S.html
科技,雷军：2万元MIX Alpha量产难度太大，已经,26876,https://tech.163.com/20/0809/10/FJJ6F1U2000999LD.html
科技,我在硅谷，同事说Tiktok被封活该，我有回国冲,19250,https://tech.163.com/20/0810/09/FJLLLUT7000999D8.html
科技,法拉第未来一辆原型电动汽车将拍卖，车内电线露出,17732,https://tech.163.com/20/0811/08/FJO28PJL00097U7T.html
科技,创始人比尔・盖茨谈微软洽购TikTok：金杯毒酒,17337,https://tech.163.com/20/0810/07/FJLF0T6O00097U7R.html
科技,倪光南：中国自己的科技能不能支撑国内大循环,10546,https://tech.163.com/20/0810/12/FJLTACD500097U7T.html
科技,辟谣！微软最新声明暗示断供中国概不负责？这协议早,9933,https://tech.163.com/20/0809/13/FJJF4M8S00097U7T.html
科技,微软：为中国用户提供服务的承诺坚定不移,8692,https://tech.163.com/20/0810/10/FJLNFDLI00097U7T.html
科技,是买是封？这两人在特朗普面前为TikTok大吵一,7329,https://tech.163.com/20/0810/07/FJLBORSO00097U7R.html
科技,当掌门9年，苹果CEO库克身家终于超过10亿美元,6946,https://tech.163.com/20/0811/07/FJNVA08M00097U7T.html
科技,余承东：麒麟芯片9月15日之后无法制造，将成绝唱,58144,https://tech.163.com/20/0807/16/FJELNH0Q00097U7S.html
科技,微软拟最多以300亿美元收购TikTok，并转移,48600,https://tech.163.com/20/0806/07/FJB4H2MB00097U7R.html
科技,传华为向联发科下巨额芯片订单 超1.2亿颗芯片,44220,https://tech.163.com/20/0804/09/FJ67A6BH00097U7S.html
科技,雷军：2万元MIX Alpha量产难度太大，已经,41347,https://tech.163.com/20/0809/10/FJJ6F1U2000999LD.html
科技,郭明Z：若苹果全球封杀微信 iPhone年出货或,39339,https://tech.163.com/20/0810/07/FJLC449R00097U7S.html
科技,惊天一跃！马斯克宇宙飞船首次起飞 火星移民梦想更,29612,https://tech.163.com/20/0805/09/FJ8P7D4P000999LD.html
科技,我们被困印度，每天只有半小时有水 半年没吃过猪肉,29471,https://tech.163.com/20/0806/13/FJBOIEKF000999D8.html
科技,"瑞典歌手声称代言华为妨碍""批评中国""，华为回应",28327,https://tech.163.com/20/0806/07/FJB2O0HA00097U7S.html
科技,辟谣！微软最新声明暗示断供中国概不负责？这协议早,25368,https://tech.163.com/20/0809/13/FJJF4M8S00097U7T.html
科技,"华为年薪200万""天才少年""：希望助华为渡过难关",21255,https://tech.163.com/20/0805/09/FJ8OMTR000097U7S.html
汽车,让雷克萨斯LM闭嘴的车 添越MPV假想图发布,37837,https://auto.163.com/20/0810/06/FJLA7B070008856R.html
汽车,"好一个""加减法"" 奔驰全新GLA终于更SUV了",15114,https://auto.163.com/20/0810/07/FJLDGB7T0008856V.html
汽车,褪去“超跑”属性 全新飞度还是熟悉的那个少年吗,13555,https://auto.163.com/20/0811/07/FJO08S1D0008856V.html
汽车,价值半个亿的限量版 布加迪Divo极速380km,13131,https://auto.163.com/20/0810/06/FJL9RSPH0008856R.html
汽车,只有2.8T柴油版 日本本土推出新款普拉多,11640,https://auto.163.com/20/0810/06/FJLBHNO50008856R.html
汽车,停路边的车被社区清运车拖走卖废品拆掉 警方介入,10428,https://auto.163.com/20/0810/07/FJLEU88Q000884MM.html
汽车,续航超600km 日产Ariya将2021年引入,9289,https://auto.163.com/20/0811/07/FJNVO8AU0008856R.html
汽车,老头乐冒充假跑车? 赛麟到底是个啥路数,8777,https://auto.163.com/20/0810/10/FJLP39SR0008856S.html
汽车,增48V轻混版 新Panamera进入最终测试阶,6157,https://auto.163.com/20/0810/06/FJLABE4R0008856R.html
汽车,增多项科技配置 第二代哈弗H6售9.8-14.1,5779,https://auto.163.com/20/0810/13/FJM1CFQM0008856R.html
汽车,再也不担心后排的熊孩子 新款美版奥德赛详解,39000,https://auto.163.com/20/0804/07/FJ5V30K60008856R.html
汽车,让雷克萨斯LM闭嘴的车 添越MPV假想图发布,37837,https://auto.163.com/20/0810/06/FJLA7B070008856R.html
汽车,榨干比亚迪汉EV 我倒要看看你能跑多远,35540,https://auto.163.com/20/0807/07/FJDMUC2M0008856V.html
汽车,新平台新造型新科技 全新哈弗H6你该知道这些,32451,https://auto.163.com/20/0805/07/FJ8HFQKO0008856R.html
汽车,“最强”设计师联盟 助“恒驰六子”谁先出道？,27754,https://auto.163.com/20/0804/07/FJ5UTMJM0008856S.html
汽车,哈弗狼虎豹要来了? 长城炮的命名是开始,26297,https://auto.163.com/20/0808/06/FJG6D47N0008856R.html
汽车,我不是女神 AMG才是这台大型四门跑车的标签,25762,https://auto.163.com/20/0806/03/FJANII740008856V.html
汽车,第二款国产AMG来了 曝AMG GLB 35路试,20043,https://auto.163.com/20/0804/01/FJ58P22L0008856R.html
汽车,请收下这份法式奢华 DS 9完成中国首秀,17447,https://auto.163.com/20/0806/20/FJCH92LH0008856R.html
汽车,七种驾驶模式 红旗E-HS9亮点配置曝光,16555,https://auto.163.com/20/0806/00/FJAA4NBB0008856R.html
女人,牛仔裤卖不动了？Lee母公司二季度收入大跌43%,11225,https://lady.163.com/20/0810/10/FJLM6B2I002698F2.html
女人,凯特王妃穿旧衣身材丝毫未变 勤俭持家是和婆婆学的,5040,https://lady.163.com/20/0809/10/FJJ4OITD002698F2.html
女人,刚上热搜就翻车？Louis Vuitton涉嫌抄,2034,https://lady.163.com/20/0808/10/FJGJ5GGN002698F2.html
女人,H&M集团旗下品牌＆Other Stories涉,1064,https://lady.163.com/20/0808/10/FJGJHBLI002698F2.html
女人,求求了 热巴别再走酷帅路线了 好好当个仙女不好吗,472,https://lady.163.com/20/0809/16/FJJOM928002698F2.html
女人,大牌涨价希望刺激消费 这下连二手的也卖不动了？,123,https://lady.163.com/20/0810/16/FJMCBGSF002698F2.html
女人,下半年的幸运色就靠它了,102,https://lady.163.com/20/0808/09/FJGGMM5700267VQQ.html
女人,女明星究竟有多累？陈都灵的秘密曝光了,85,https://lady.163.com/20/0811/10/FJO8OC1M00267VQQ.html
女人,专访赵丽颖：不想当大厨的点餐员不是好财务总监,82,https://lady.163.com/20/0808/11/FJGM4F4V002698F2.html
女人,林有有的这一面，才是吸引渣男的致命“武器”,57,https://lady.163.com/20/0804/11/FJ6B3S5I002698F2.html
女人,江疏影童瑶毛晓彤造型扑街 造型师是林有有吗？,35276,https://lady.163.com/20/0804/09/FJ64L3A0002698F2.html
女人,凯特王妃穿旧衣身材丝毫未变 勤俭持家是和婆婆学的,11817,https://lady.163.com/20/0809/10/FJJ4OITD002698F2.html
女人,牛仔裤卖不动了？Lee母公司二季度收入大跌43%,11225,https://lady.163.com/20/0810/10/FJLM6B2I002698F2.html
女人,刚上热搜就翻车？Louis Vuitton涉嫌抄,8357,https://lady.163.com/20/0808/10/FJGJ5GGN002698F2.html
女人,H&M集团旗下品牌＆Other Stories涉,4549,https://lady.163.com/20/0808/10/FJGJHBLI002698F2.html
女人,专访赵丽颖：不想当大厨的点餐员不是好财务总监,3834,https://lady.163.com/20/0808/11/FJGM4F4V002698F2.html
女人,因涉嫌种族主义 意大利奢侈品牌Marni道歉,2586,https://lady.163.com/20/0803/10/FJ3LSS79002698F2.html
女人,下半年的幸运色就靠它了,979,https://lady.163.com/20/0808/09/FJGGMM5700267VQQ.html
女人,林有有的这一面，才是吸引渣男的致命“武器”,725,https://lady.163.com/20/0804/11/FJ6B3S5I002698F2.html
女人,求求了 热巴别再走酷帅路线了 好好当个仙女不好吗,676,https://lady.163.com/20/0809/16/FJJOM928002698F2.html
房产,星河湾半岛现象：一楼不好卖？一楼不够卖！,1470,http://gz.house.163.com/20/0810/11/FJLPM4NT0087950J.html
房产,又有4栋总部大厦动工！广州金融城加速 这个盘的业,871,http://gz.house.163.com/20/0810/10/FJLMLUR00087988D.html
房产,刚出狱就转卖40亿商业资产 黄光裕重整地产项目,589,http://gz.house.163.com/20/0811/08/FJO47MVN008786F3.html
房产,最新世界500强地图：中国133家位居榜首,566,http://gz.house.163.com/20/0811/08/FJO3U56M008786F3.html
房产,你转换了没？银行冲刺房贷换锚LPR,544,http://gz.house.163.com/20/0809/09/FJJ1RMEE008786F3.html
房产,65所名校应届生超七成愿去国企 半导体医疗等行业,265,http://gz.house.163.com/20/0810/06/FJLA3CNK008786F3.html
房产,7月银行贷款收紧 利息打折发力投消费贷,229,http://gz.house.163.com/20/0809/09/FJJ15K7H008786F3.html
房产,广州新房周成交跌23% 跌破2千套关口,163,http://gz.house.163.com/20/0810/11/FJLQP6T0008786F3.html
房产,广东出台2020年土地利用计划,135,http://gz.house.163.com/20/0811/08/FJO3JPI5008786F3.html
房产,"深圳停止商务公寓审批,公寓市场影响几何？",65,http://gz.house.163.com/20/0811/09/FJO5J9IS008786F3.html
房产,星河湾半岛现象：一楼不好卖？一楼不够卖！,1470,http://gz.house.163.com/20/0810/11/FJLPM4NT0087950J.html
房产, 这场行业权威赛事，想完成中国设计圈的底层生态建,1465,http://gz.house.163.com/20/0806/20/FJCEO2D90087992H.html
房产,广州九区公布上半年GDP：越秀天河GDP增速“扭,1375,http://gz.house.163.com/20/0806/15/FJBVNDS5008786F3.html
房产,你转换了没？银行冲刺房贷换锚LPR,1124,http://gz.house.163.com/20/0809/09/FJJ1RMEE008786F3.html
房产,又有4栋总部大厦动工！广州金融城加速 这个盘的业,871,http://gz.house.163.com/20/0810/10/FJLMLUR00087988D.html
房产,中国设计界的“奥斯卡” 《居住在中国2020中国,665,http://gz.house.163.com/20/0805/11/FJ8V5EOI0087950J.html
房产,发改委批复花都重磅规划落地，雅瑶板块有亮点！,654,http://gz.house.163.com/20/0806/16/FJC1CLIL0087988D.html
房产,31省份已全部上涨养老金 你涨了多少钱？ ,625,http://gz.house.163.com/20/0804/08/FJ61GSIR008786F3.html
房产,刚出狱就转卖40亿商业资产 黄光裕重整地产项目,589,http://gz.house.163.com/20/0811/08/FJO47MVN008786F3.html
房产,最新世界500强地图：中国133家位居榜首,566,http://gz.house.163.com/20/0811/08/FJO3U56M008786F3.html
游戏,不卡暴雨 剑网三PVE95惊羽夺魄一键宏,1,http://play.163.com/17/0719/09/cpmrno7700318qq3.html
游戏,不卡暴雨 剑网三PVE95惊羽夺魄一键宏,1,http://play.163.com/17/0719/09/cpmrno7700318qq3.html
旅游,日本人抗疫 “脑洞大开”,3281,https://travel.163.com/20/0810/00/FJKJNEBB00068AIR.html
旅游,拉克罗干草 “草料界的爱马仕”,1817,https://travel.163.com/20/0810/00/FJKJNFDG00068AIR.html
旅游,也门应季仙人掌果丰收 深受当地人喜爱,1772,https://travel.163.com/20/0811/00/FJN6494S00068AIR.html
旅游,科学家分析粪便点得结论:南极帝企鹅增加55000,798,https://travel.163.com/20/0810/00/FJKJNG0U00068AIR.html
旅游,疫情肆虐 使沙特朝觐旅游按下暂停键,565,https://travel.163.com/20/0810/00/FJKJNGF800068AIR.html
旅游,天空之眼瞰澳门 独特的视觉体验,338,https://travel.163.com/20/0811/00/FJN645U500068AIR.html
旅游,新西兰路牌 关怀中带着笑点,323,https://travel.163.com/20/0811/00/FJN64PAT00068AIR.html
旅游,英国泰特现代美术馆近日重新开放,307,https://travel.163.com/20/0810/00/FJKJNESJ00068AIR.html
旅游,探访梦柯冰川：宏伟壮丽，气势磅礴,246,https://travel.163.com/20/0811/00/FJN64ETI00068AIR.html
旅游,哈尔腾草原生机盎然 ,179,https://travel.163.com/20/0811/00/FJN645CC00068AIR.html
旅游,英国一家四口一起登上3308米山峰 7岁女儿破纪,3893,https://travel.163.com/20/0805/09/FJ8NDMIK00068AIR.html
旅游,日本人抗疫 “脑洞大开”,3281,https://travel.163.com/20/0810/00/FJKJNEBB00068AIR.html
旅游,羊卓雍措风光秀美 令人向往,2284,https://travel.163.com/20/0807/00/FJCTT74T00068AIR.html
旅游,澳大利亚几名男子海中捕鱼 遇鲨鱼追击,2001,https://travel.163.com/20/0806/08/FJB8BKF400068AIR.html
旅游,拉克罗干草 “草料界的爱马仕”,1817,https://travel.163.com/20/0810/00/FJKJNFDG00068AIR.html
旅游,也门应季仙人掌果丰收 深受当地人喜爱,1772,https://travel.163.com/20/0811/00/FJN6494S00068AIR.html
旅游,德国“水牛幼虫”汉堡受欢迎,1745,https://travel.163.com/20/0805/00/FJ7NNSUE00068AIR.html
旅游,希腊疫情反弹 旅游胜地圣托里尼游客稀少,1721,https://travel.163.com/20/0805/09/FJ8MM31G00068AIR.html
旅游,草原上的火山群 构成一幅壮美画卷,1542,https://travel.163.com/20/0806/00/FJAA4IAR00068AIR.html
旅游,西班牙人的“大锅情结” ,1504,https://travel.163.com/20/0808/00/FJFEU1M300068AIR.html
教育,我考上北京大学了！第一份北大录取通知书送往武汉！,7645,https://edu.163.com/20/0810/14/FJM6864900297VGM.html
教育,美国百余所学校倒闭 斯坦福等名校也开始裁员,3733,https://edu.163.com/20/0810/07/FJLBOM2U00297VGM.html
教育,北京开学时间定了！中小学、幼儿园、高等学校错峰返,3179,https://edu.163.com/20/0809/20/FJK6VLQJ00297VGM.html
教育,硕士毕设抄袭他人作品 广西艺术学院：撤销学位,1863,https://edu.163.com/20/0810/10/FJLMJRAM00297VGM.html
教育,26岁女博士获聘湖大副教授 学院不止一名90后副,1821,https://edu.163.com/20/0811/06/FJNQNM1F00297VGM.html
教育,高考生与癌症抗争近10年做36次化疗 如今考上本,1789,https://edu.163.com/20/0811/09/FJO7NA6V00297VGM.html
教育,主办方回应8岁童星当评委：无权决定选手去留,1664,https://edu.163.com/20/0810/10/FJLM412600297VGM.html
教育,女大学生捐献造血干细胞 给一岁小患儿带去新生,1341,https://edu.163.com/20/0810/09/FJLLMHEC00297VGM.html
教育,"""不三不四""用英语怎么说？",1204,https://edu.163.com/20/0809/06/FJILU31S00297VGM.html
教育,12岁女孩为给爸爸捐骨髓  一天吃6餐14天增重,1160,https://edu.163.com/20/0810/10/FJLLUQB400297VGM.html
教育,"华为再招4名""天才少年""：201万顶薪又给了华中",12519,https://edu.163.com/20/0805/09/FJ8O7UI700297VGM.html
教育,我考上北京大学了！第一份北大录取通知书送往武汉！,7645,https://edu.163.com/20/0810/14/FJM6864900297VGM.html
教育,飞机刚落地这名大学生就被拘了！只因“手欠”,7582,https://edu.163.com/20/0807/09/FJDUED6800297VGM.html
教育,尘埃落定！白湘菱顺利通过港大经管学院面试 校方已,5777,https://edu.163.com/20/0804/06/FJ5Q23GB00297VGM.html
教育,中方会限制学生赴苏格兰留学吗？驻英国使馆回应,5644,https://edu.163.com/20/0807/09/FJDUJ2DO00297VGM.html
教育,父亲广州大雨中救人遇难 女儿坚强迎考获616分,5547,https://edu.163.com/20/0805/06/FJ8CB1OV00297VGM.html
教育,乘风破浪的学姐们：寝室4人分别被保研至北大、清华,5222,https://edu.163.com/20/0806/09/FJB9CGBP00297VGM.html
教育,浙江高考满分作文：5位著名作家、高校教授各抒己见,5013,https://edu.163.com/20/0806/09/FJB8UC9M00297VGM.html
教育,"陈志文：南京一中""认错""，是应试教育的胜利吗？",5012,https://edu.163.com/20/0804/06/FJ5Q22UI00297VGM.html
教育,因疫情变化，大连理工大学、大连医科大学推迟开学,4866,https://edu.163.com/20/0805/06/FJ8CB3EU00297VGM.html
